Fase;Año;Centro Pevi;Nombre de Empresa;Sector;Profesor Líder;Informe Final;"Producción
/mensual";Unidades de producción;ELECTRICIDAD;;;;;;;;GAS NATURAL;;;;;;;;;;;CARBON MINERAL;;;;;;;;;;;;FUEL OIL;;;;;;;;;;;BIOMASA;;;;;;;;;;;Gas Propano;;;;;;;;;;;
;;;;;;;;;Consumo mensual (kWh/mes);Consumo anual (kWh/año);IC;Costo unitario (COP/kWh);Costo mensual (COPelec/mes);Costo anual (COPelec/año);FE.elec;Emis.Elect (tonCO2/año);Consumo mensual (m3GN/mes);Consumo anual (m3GN/año);Costo unitario (COP/m3GN);Costo mensual (COP.GN/mes);Costo anual (COP.GN/año);PC.GN (kJ/m3);Consumo mensual (kWh.GN/mes);Consumo anual (kWh.GN/año);$COP/kWh.GN;FE.GN;Emis.GN (tonCO2/año);Consumo mensual (Ton/mes);Consumo anual (Ton/año);Costo unitario (COP/Ton);Costo mensual (COP/mes);Costo anual (COP/año);PC.CM (MJ/kg);Consumo mensual (kWh.CM/mes);IC;Consumo anual (kWh.CM/año);$COP/kWh.CM;FE.CM;Emis.CM (tonCO2/año);Consumo mensual (GalFO/mes);Consumo anual (GalFO/año);Costo unitario (COP/GalFO);Costo mensual (COP.FO/mes);Costo anual (COP.FO/año);PC.FO (MJ/kg);Consumo mensual (kWh.FO/mes);Consumo anual (kWh.FO/año);$COP/kWh.FO;FE.FO;Emis.FO (tonCO2/año);Consumo mensual (Ton/mes);Consumo anual (Ton/año);Costo unitario (COP/kg);Costo mensual (kg/mes);Costo anual (kg/año);PC.BIOMASA (kJ/kg);Consumo mensual (kWh/mes);Consumo anual (kWh/año);$COP/kWh;FE.BIOMASA;Emis.BIOMASA (tonCO2/año);Consumo mensual (m3GLP/mes);Consumo anual (m3GLP/año);Costo unitario (COP/m3GLP);Costo mensual (COP.GLP/mes);Costo anual (COP.GLP/año);PC.GLP (kWh/kg);Consumo mensual (kWh.GLP/mes);Consumo anual (kWh.GLP/año);$COP/kWh.GLP;FE.GLP;Emis.GLP (tonCO2/año);Consumo total mensual de la empresa (kWh/mes)
4;2025;UNAB;Salsan ;Alimentos y bebidas;Mario Acero;Completo;491.738;kg de carne procesada;120.228;1.442.736;0,2445; $ 610 ; $ 73.339.080 ; $ 880.068.960 ;0,177;255;12.336;148.032; $ 3.500 ; $ 43.176.000 ; $ 518.112.000 ;37.280;127.746;1.532.954; $ 338 ;0,191;293;0;0; $ -   ; $ -   ; $ -   ;0;0;;0; $ -   ;0,000;0;0; $ -   ; $ -   ; $ -   ; $ -   ;0;0;0; $ -   ;0,000;0,0;0; $ -   ; $ -   ; $ -   ; $ -   ;0;0;0; $ -   ;0,000;0,0;0;0; $ -   ; $ -   ; $ -   ;0;0;0; $ -   ;0,000;0;247.974
3;2021;UNAB;Ladrillera versalles;Construcción;Carlos Díaz;Completo;2.954.138;Ton de arcilla cocida;71.417;857.004;0,0242; $ 450 ; $ 32.137.650 ; $ 385.651.800 ;0,594;509;0;0; $ -   ; $ -   ; $ -   ;0;0;0; $ -   ;0;0;256;3.072; $ 300 ; $ 76.800 ; $ 921.600 ;32,43;2.306.132;0,781;27.673.584; $ 0,0333 ;0,3;8.302;0; $ -   ; $ -   ; $ -   ; $ -   ;0;0;0; $ -   ;0,000;0,0;0; $ -   ; $ -   ; $ -   ; $ -   ;0;0;0; $ -   ;0,000;0,0;0;0; $ -   ; $ -   ; $ -   ;0;0;0; $ -   ;0,000;0;2.377.549
3;2021;UNAB;Coopasan;Alimentos y bebidas;Carlos Díaz;Completo;1.600.000;Ton de producción de harinas panificables y de subproductos;120.720;1.448.640;0,0755; $ 420 ; $ 50.702.400 ; $ 608.428.800 ;0,594;860;0;0; $ -   ; $ -   ; $ -   ;0;0;0; $ -   ;0;0;0;0; $ -   ; $ -   ; $ -   ;0;0;;0; $ -   ;0,000;0;0; $ -   ; $ -   ; $ -   ; $ -   ;0;0;0; $ -   ;0,000;0,0;0; $ -   ; $ -   ; $ -   ; $ -   ;0;0;0; $ -   ;0,000;0,0;0;0; $ -   ; $ -   ; $ -   ;0;0;0; $ -   ;0,000;0;120.720
3;2021;UNAB;Humberto Quintero;Petroquímico;Mario Acero;Completo;6.308;Ton de asfalto al mes;89.028;1.068.336;14,1135; $ 500 ; $ 44.514.000 ; $ 534.168.000 ;0,594;635;0;0; $ -   ; $ -   ; $ -   ;0;0;0; $ -   ;0;0;0;0; $ -   ; $ -   ; $ -   ;0;0;;0; $ -   ;0,000;0;16.534; $ 198.408 ; $ 4.000 ; $ 66.136.000 ; $ 793.632.000 ;2.600;11.941;401.225; $ 1.978 ;0,000;0,0;0; $ -   ; $ -   ; $ -   ; $ -   ;0;0;0; $ -   ;0,000;0,0;0;0; $ -   ; $ -   ; $ -   ;0;0;0; $ -   ;0,000;0;100.969
3;2021;UNAB;Prevesa;Construcción;Mario Acero;Completo;5.000;m3 de concreto;14.668;176.016;2,9336; $ 540 ; $ 7.920.720 ; $ 95.048.640 ;0,594;105;0;0; $ -   ; $ -   ; $ -   ;0;0;0; $ -   ;0;0;0;0; $ -   ; $ -   ; $ -   ;0;0;;0; $ -   ;0,000;0;0; $ -   ; $ -   ; $ -   ; $ -   ;0;0;0; $ -   ;0,000;0,0;0; $ -   ; $ -   ; $ -   ; $ -   ;0;0;0; $ -   ;0,000;0,0;0;0; $ -   ; $ -   ; $ -   ;0;0;0; $ -   ;0,000;0;14.668
3;2021;UNAB;Multinsa;Petroquímico;Luis Jaimes;Completo;1.301;Ton de asfalto;22.761;273.132;17,4950; $ 430 ; $ 9.787.230 ; $ 117.446.760 ;0,594;162;13.556;162.672; $ 1.179 ; $ 15.982.524 ; $ 191.790.288 ;35.652;134.250;1.610.995; $ 119 ;0;308;0;0; $ -   ; $ -   ; $ -   ;0;0;;0; $ -   ;0,000;0;0; $ -   ; $ -   ; $ -   ; $ -   ;0;0;0; $ -   ;0,000;0,0;0; $ -   ; $ -   ; $ -   ; $ -   ;0;0;0; $ -   ;0,000;0,0;0;0; $ -   ; $ -   ; $ -   ;0;0;0; $ -   ;0,000;0;157.011
3;2021;UNAB;Vanguardia;Comunicación (Industria gráfica y de impresión);Luis Jaimes;Completo;856.274;Páginas universales;70.969;851.628;0,0829; $ 374 ; $ 26.542.406 ; $ 318.508.872 ;0,594;506;0;0; $ -   ; $ -   ; $ -   ;0;0;0; $ -   ;0;0;0;0; $ -   ; $ -   ; $ -   ;0;0;;0; $ -   ;0,000;0;0; $ -   ; $ -   ; $ -   ; $ -   ;0;0;0; $ -   ;0,000;0,0;0; $ -   ; $ -   ; $ -   ; $ -   ;0;0;0; $ -   ;0,000;0,0;0;0; $ -   ; $ -   ; $ -   ;0;0;0; $ -   ;0,000;0;70.969
3;2021;UNAB;Rambal;Plásticos y textil;Leonardo Pacheco;Completo;135.000;Ton de fruto recibida;312.549;3.750.588;2,3152; $ 396 ; $ 123.744.400 ; $ 1.484.932.801 ;0,594;2.228;0;0; $ -   ; $ -   ; $ -   ;0;0;0; $ -   ;0;0;0;0; $ -   ; $ -   ; $ -   ;0;0;;0; $ -   ;0,000;0;0; $ -   ; $ -   ; $ -   ; $ -   ;0;0;0; $ -   ;0,000;0,0;0; $ -   ; $ -   ; $ -   ; $ -   ;0;0;0; $ -   ;0,000;0,0;0;0; $ -   ; $ -   ; $ -   ;0;0;0; $ -   ;0,000;0;312.549
3;2021;UNAB;Extractora Central;Sector aceites y grasas;Leonardo Pacheco;Completo;22.609;Ton de fruto recibida;323.492;3.881.904;14,3081; $ 493 ; $ 159.517.140 ; $ 1.914.205.681 ;0,594;2.306;0;0; $ -   ; $ -   ; $ -   ;0;0;0; $ -   ;0;0;0;0; $ -   ; $ -   ; $ -   ;0;0;;0; $ -   ;0,000;0;0; $ -   ; $ -   ; $ -   ; $ -   ;0;0;0; $ -   ;0,000;0,0;342; $ 4.106 ; $ -   ; $ -   ; $ -   ;14.511;1.379.214;16.551; $ -   ;0,000;0,0;0;0; $ -   ; $ -   ; $ -   ;0;0;0; $ -   ;0,000;0;1.702.706
3;2021;UNAB;Tesicol;Plásticos y textil;Yecid Muñoz;Completo;474;Ton equivalentes de producción;306.432;3.677.184;646,5492; $ 305 ; $ 93.461.760 ; $ 1.121.541.120 ;0,594;2.184;0;0; $ -   ; $ -   ; $ -   ;0;0;0; $ -   ;0;0;0;0; $ -   ; $ -   ; $ -   ;0;0;;0; $ -   ;0,000;0;0; $ -   ; $ -   ; $ -   ; $ -   ;0;0;0; $ -   ;0,000;0,0;0; $ -   ; $ -   ; $ -   ; $ -   ;0;0;0; $ -   ;0,000;0,0;0;0; $ -   ; $ -   ; $ -   ;0;0;0; $ -   ;0,000;0;306.432
3;2021;UNAB;Pladesan;Plásticos y textil;Yecid Muñoz;Completo;17;Producción equivalente referida;45.922;551.064;2.761,3951; $ 400 ; $ 18.368.800 ; $ 220.425.600 ;0,594;327;0;0; $ -   ; $ -   ; $ -   ;0;0;0; $ -   ;0;0;0;0; $ -   ; $ -   ; $ -   ;0;0;;0; $ -   ;0,000;0;0; $ -   ; $ -   ; $ -   ; $ -   ;0;0;0; $ -   ;0,000;0,0;0; $ -   ; $ -   ; $ -   ; $ -   ;0;0;0; $ -   ;0,000;0,0;0;0; $ -   ; $ -   ; $ -   ;0;0;0; $ -   ;0,000;0;45.922
3;2021;UAO;Eka Zipper;Plásticos y textil;-;Completo;30.000;kg de producción por mes;176.734;2.120.808;5,8911; $ 415 ; $ 73.344.610 ; $ 880.135.320 ;0,594;1.260;0;0; $ -   ; $ -   ; $ -   ;0;0;0; $ -   ;0;0;56;671; $ 360 ; $ 20.142 ; $ 241.704 ;27;422.733;14,091;5.072.800; $ 0,04765 ;0,000;0;0; $ -   ; $ -   ; $ -   ; $ -   ;0;0;0; $ -   ;0,000;0,0;0; $ -   ; $ -   ; $ -   ; $ -   ;0;0;0; $ -   ;0,000;0,0;0;0; $ -   ; $ -   ; $ -   ;0;0;0; $ -   ;0,000;0;599.467
3;2021;UAO;Alumina;Construcción;Félix González Pérez;Completo;1.000;Tonelada de producción mensual;100.693;1.208.316;100,6930; $ 522 ; $ 52.522.476 ; $ 630.269.709 ;0,594;718;29.550;354.600; $ 1.072 ; $ 31.680.260 ; $ 380.163.114 ;35.652;292.644;3.511.722; $ 108 ;0;0;0;0; $ -   ; $ -   ; $ -   ;;0;;0; $ -   ;0,000;0;0; $ -   ; $ -   ; $ -   ; $ -   ;0;0;0; $ -   ;0,000;0,0;0; $ -   ; $ -   ; $ -   ; $ -   ;0;0;0; $ -   ;0,000;0,0;0;0; $ -   ; $ -   ; $ -   ;0;0;0; $ -   ;0,000;0;393.337
3;2021;UAO;Provider SAS;Mobiliario;-;Completo;8.623;Unidad de producto;9.640;115.680;1,1179; $ 504 ; $ 4.863.172 ; $ 58.358.065 ;0,594;69;0;0; $ -   ; $ -   ; $ -   ;0;0;0; $ -   ;0;0;0;0; $ -   ; $ -   ; $ -   ;;0;;0; $ -   ;0,000;0;0; $ -   ; $ -   ; $ -   ; $ -   ;0;0;0; $ -   ;0,000;0,0;0; $ -   ; $ -   ; $ -   ; $ -   ;0;0;0; $ -   ;0,000;0,0;1.264;15.167; $ 2.716 ; $ 3.432.538 ; $ 41.190.450 ;12.860;16.253.754;195.045.048; $ 0,211 ;0,000;0;16.263.394
3;2021;UAO;Fanalca;Manufactura industrial;-;Completo;24;Toneladas de tubería metálica;129.322;1.551.864;5.343,8843; $ 541 ; $ 69.963.202 ; $ 839.558.424 ;0,594;922;0;0; $ -   ; $ -   ; $ -   ;0;0;0; $ -   ;0;0;0;0; $ -   ; $ -   ; $ -   ;;0;;0; $ -   ;0,000;0;0; $ -   ; $ -   ; $ -   ; $ -   ;0;0;0; $ -   ;0,000;0,0;0; $ -   ; $ -   ; $ -   ; $ -   ;0;0;0; $ -   ;0,000;0,0;0;0; $ -   ; $ -   ; $ -   ;0;0;0; $ -   ;0,000;0;129.322
3;2021;UAO;Trapiche Victoria;Alimentos y bebidas;Félix González Pérez;Completo;2.200;Toneladas de caña molida;45.007;540.084;20,4577; $ -   ; $ -   ; $ -   ;0,594;321;0;0; $ -   ; $ -   ; $ -   ;0;0;0; $ -   ;0;0;3;41; $ 360 ; $ 1.242 ; $ 14.904 ;32;30.751;13,978;369.012; $ 0,04039 ;0,000;0;0; $ -   ; $ -   ; $ -   ; $ -   ;0;0;0; $ -   ;0,000;0;15,5; $ 186 ;; $ -   ; $ -   ;14.743;63.476,81;761,722; $ -   ;0,000;0;0;0; $ -   ; $ -   ; $ -   ;0;0;0; $ -   ;0,000;0;139.235
3;2021;UAO;Pan Valler SA;Alimentos y bebidas;-;Completo;1.062;Bultos de harina ;7.287;87.444;6,8616; $ 660 ; $ 4.810.149 ; $ 57.721.784 ;0,594;52;6.229;74.748; $ 2.184 ; $ 13.604.136 ; $ 163.249.632 ;35.652;61.688;740.254; $ 221 ;0;0;0;0; $ -   ; $ -   ; $ -   ;0;0;;0; $ -   ;0,000;0;0; $ -   ; $ -   ; $ -   ; $ -   ;0;0;0; $ -   ;0,000;0;0; $ -   ; $ -   ; $ -   ; $ -   ;0;0;0; $ -   ;0,000;0;0;0; $ -   ; $ -   ; $ -   ;0;0;0; $ -   ;0,000;0;68.975
3;2021;UAO;Baxter;Plásticos y textil;-;Completo;537.000;Bolsas producidas;1.850.000;22.200.000;3,4451; $ 390 ; $ 721.500.000 ; $ 8.658.000.000 ;0,594;13.187;300.000;3.600.000; $ 1.360 ; $ 408.000.000 ; $ 4.896.000.000 ;35.652;2.971.000;35.652.000; $ 137 ;0;0;0;0; $ -   ; $ -   ; $ -   ;0;0;;0; $ -   ;0,000;0;0; $ -   ; $ -   ; $ -   ; $ -   ;0;0;0; $ -   ;0,000;0;0; $ -   ; $ -   ; $ -   ; $ -   ;0;0;0; $ -   ;0,000;0;0;0; $ -   ; $ -   ; $ -   ;0;0;0; $ -   ;0,000;0;4.821.000
3;2021;UAO;Reckitt;Farmaceutica;-;Completo;2.000;Kilogramos de producto;127.500;1.530.000;63,7500; $ 440 ; $ 56.100.000 ; $ 673.200.000 ;0,594;909;4.634;55.608; $ -   ; $ -   ; $ -   ;0;0;0; $ -   ;0;0;0;0; $ -   ; $ -   ; $ -   ;0;0;;0; $ -   ;0,000;0;0; $ -   ; $ -   ; $ -   ; $ -   ;0;0;0; $ -   ;0,000;0;0; $ -   ; $ -   ; $ -   ; $ -   ;0;0;0; $ -   ;0,000;0;534;6.408; $ -   ; $ -   ; $ -   ;12.860;6.867.240;82.406.880; $ -   ;0,000;0;6.994.740
3;2021;UAO;Molinos Santa Marta;Alimentos y bebidas;Rosaura Castrillón;Completo;9.921;Tonelada de harina mensual;666.879;8.002.548;67,2189; $ -   ; $ -   ; $ -   ;0,594;4.754;0;0; $ -   ; $ -   ; $ -   ;0;0;0; $ -   ;0;0;0;0; $ -   ; $ -   ; $ -   ;0;0;;0; $ -   ;0,000;0;0; $ -   ; $ -   ; $ -   ; $ -   ;0;0;0; $ -   ;0,000;0;0; $ -   ; $ -   ; $ -   ; $ -   ;0;0;0; $ -   ;0,000;0;0;0; $ -   ; $ -   ; $ -   ;0;0;0; $ -   ;0,000;0;666.879
3;2021;UAO;Kimberly Clark;Papel;-;Completo;7.046;Tonelada de papel al mes;5.649.000;67.788.000;801,7315; $ 487 ; $ 2.751.063.000 ; $ 33.012.756.000 ;0,594;40.266;0;0; $ -   ; $ -   ; $ -   ;0;0;0; $ -   ;0;0;0;0; $ -   ; $ -   ; $ -   ;0;0;;0; $ -   ;0,000;0;0; $ -   ; $ -   ; $ -   ; $ -   ;0;0;0; $ -   ;0,000;0;0; $ -   ; $ -   ; $ -   ; $ -   ;0;0;0; $ -   ;0,000;0;0;0; $ -   ; $ -   ; $ -   ;0;0;0; $ -   ;0,000;0;5.649.000
3;2021;UNIATLANTICO;Procaps;Farmaceutica;Juan Carlos Campos;Faltan mediciones, OPM, análisis de brechas;46.000;Kilogramos de gelatina en polvo procesada por mes;1.797.173;21.566.076;39,0690; $ 409 ; $ 734.971.870 ; $ 8.819.662.441 ;0,594;12.810;0;0; $ 932 ; $ -   ; $ -   ;0;150.077;1.800.924; $ -   ;0;0;0;0; $ -   ; $ -   ; $ -   ;0;0;;0; $ -   ;0,000;0;0; $ -   ; $ -   ; $ -   ; $ -   ;0;0;0; $ -   ;0,000;0;0; $ -   ; $ -   ; $ -   ; $ -   ;0;0;0; $ -   ;0,000;0;0;0; $ -   ; $ -   ; $ -   ;0;0;0; $ -   ;0,000;0;1.947.250
3;2021;UNIATLANTICO;Carton Colombia -Smurfi Kappa;Papel;Juan Carlos Campos;Faltan mediciones, OPM, análisis de brechas;2.400;unidades de producción equivalente (mm2 /mes);263.053;3.156.636;109,6054; $ -   ; $ -   ; $ -   ;0,488;1.540;45.114;541.368; $ -   ; $ -   ; $ -   ;0;0;0; $ -   ;0;0;0;0; $ -   ; $ -   ; $ -   ;0;0;;0; $ -   ;0,000;0;0; $ -   ; $ -   ; $ -   ; $ -   ;0;0;0; $ -   ;0,000;0;0; $ -   ; $ -   ; $ -   ; $ -   ;0;0;0; $ -   ;0,000;0;0;0; $ -   ; $ -   ; $ -   ;0;0;0; $ -   ;0,000;0;263.053
3;2021;UNIATLANTICO;Coolechera;Alimentos y bebidas;Guillermo Valencia Ochoa;Faltan mediciones, OPM, análisis de brechas;6.831.938;Litro de producto elaborada al mes;648.661;7.783.932;0,0949; $ 431 ; $ 279.572.891 ; $ 3.354.874.692 ;0,594;4.624;176.660;2.119.920; $ 1.637 ; $ 289.192.420 ; $ 3.470.309.040 ;35.652;1.749.523;20.994.274; $ 165 ;0;0;0;0; $ -   ; $ -   ; $ -   ;0;0;;0; $ -   ;0,000;0;0; $ -   ; $ -   ; $ -   ; $ -   ;0;0;0; $ -   ;0,000;0;0; $ -   ; $ -   ; $ -   ; $ -   ;0;0;0; $ -   ;0,000;0;0;0; $ -   ; $ -   ; $ -   ;0;0;0; $ -   ;0,000;0;2.398.184
3;2021;UNIATLANTICO;Empaques Transparentes;Plásticos y textil;Lourdes Meriño Stand;Faltan mediciones, OPM, análisis de brechas.;1.500;kg de producto;280.800;3.369.600;187,2000; $ 455 ; $ 127.638.928 ; $ 1.531.667.136 ;0,594;2.002;0;0; $ -   ; $ 9.026.025 ; $ 108.312.297 ;0;44.200;530.400; $ 204 ;1,84;976;0;0; $ -   ; $ -   ; $ -   ;0;0;;0; $ -   ;0,000;0;0; $ -   ; $ -   ; $ -   ; $ -   ;0;0;0; $ -   ;0,000;0;0; $ -   ; $ -   ; $ -   ; $ -   ;0;0;0; $ -   ;0,000;0;0;0; $ -   ; $ -   ; $ -   ;0;0;0; $ -   ;0,000;0;325.000
3;2021;UNIATLANTICO;Syngenta;Farmaceutica (Químicos para la agricultura);Marley Vanegas;Solo cuenta con un diagrama del proceso de la empresa e información confusa e incompleta al respecto;;;0;0;#¡DIV/0!; $ -   ; $ -   ; $ -   ;;0;0;0; $ -   ; $ -   ; $ -   ;0;0;0; $ -   ;0;0;0;0; $ -   ; $ -   ; $ -   ;0;0;;0; $ -   ;0,000;0;0; $ -   ; $ -   ; $ -   ; $ -   ;0;0;0; $ -   ;0,000;0;0; $ -   ; $ -   ; $ -   ; $ -   ;0;0;0; $ -   ;0,000;0;0;0; $ -   ; $ -   ; $ -   ;0;0;0; $ -   ;0,000;0;0
3;2021;UNIATLANTICO;Pastas Comarrico;Alimentos y bebidas;Paola Barros;Faltan USEn, mediciones, OPM, análisis de brechas;2.000;Toneladas de producto;251.552;3.018.628;125,7762; $ 416 ; $ 104.557.236 ; $ 1.254.686.828 ;0,594;1.793;0;0; $ -   ; $ 78.636.493 ; $ 943.637.917 ;0;0;0; $ -   ;0;0;0;0; $ -   ; $ -   ; $ -   ;0;0;;0; $ -   ;0,000;0;0; $ -   ; $ -   ; $ -   ; $ -   ;0;0;0; $ -   ;0,000;0;0; $ -   ; $ -   ; $ -   ; $ -   ;0;0;0; $ -   ;0,000;0;0;0; $ -   ; $ -   ; $ -   ;0;0;0; $ -   ;0,000;0;251.552
3;2021;UNIATLANTICO;Laboratorios Incobra;Farmaceutica;Jorge Eliecer Duarte ;Faltan mediciones, OPM, análisis de brechas;;Producción equivalente (F.sólidos);346.988;4.163.856;#¡DIV/0!; $ 407 ; $ 141.258.815 ; $ 1.695.105.778 ;0,594;2.473;18.903;226.836; $ 1.756 ; $ 33.193.668 ; $ 398.324.016 ;0;0;0; $ -   ;0;0;0;0; $ -   ; $ -   ; $ -   ;0;0;;0; $ -   ;0,000;0;0; $ -   ; $ -   ; $ -   ; $ -   ;0;0;0; $ -   ;0,000;0;0; $ -   ; $ -   ; $ -   ; $ -   ;0;0;0; $ -   ;0,000;0;0;0; $ -   ; $ -   ; $ -   ;0;0;0; $ -   ;0,000;0;346.988
3;2021;UNIATLANTICO;Granos y Cereales Colombia;Alimentos y bebidas;Lourdes Meriño Stand;Faltan mediciones, OPM, análisis de brechas;8.536;Toneladas de producción;269.200;3.230.400;31,5370; $ -   ; $ -   ; $ -   ;0,594;1.919;0;0; $ -   ; $ -   ; $ -   ;0;0;0; $ -   ;0;0;0;0; $ -   ; $ -   ; $ -   ;0;0;;0; $ -   ;0,000;0;0; $ -   ; $ -   ; $ -   ; $ -   ;0;0;0; $ -   ;0,000;0;0; $ -   ; $ -   ; $ -   ; $ -   ;0;0;0; $ -   ;0,000;0;0;0; $ -   ; $ -   ; $ -   ;0;0;0; $ -   ;0,000;0;269.200
3;2021;UNIATLANTICO;Bolten;Plásticos y textil;Marley Vanegas;"Información desordenada y confusa; faltan USEn, mediciones, OPM, análisis de brechas";119.948;kg de producción al mes;205.666;2.467.994;1,7146; $ -   ; $ -   ; $ -   ;0,594;1.466;0;0; $ -   ; $ -   ; $ -   ;0;0;0; $ -   ;0;0;0;0; $ -   ; $ -   ; $ -   ;0;0;;0; $ -   ;0,000;0;0; $ -   ; $ -   ; $ -   ; $ -   ;0;0;0; $ -   ;0,000;0;0; $ -   ; $ -   ; $ -   ; $ -   ;0;0;0; $ -   ;0,000;0;0;0; $ -   ; $ -   ; $ -   ;0;0;0; $ -   ;0,000;0;205.666
2;2019;UNAB;Clínica Chicamocha;Servicios;Mario Acero;Completo;6.000;"Pacientes atendidos al mes; Camas ocupadas en UCI al mes; Partos al mes";137.157;1.645.884;22,8595; $ 379 ; $ 51.924.897 ; $ 623.098.765 ;0,38;625;2.051;24.616; $ -   ; $ 2.030.294 ; $ 24.363.528 ;0;25.159;301.908; $ 81 ;0;0;0;0; $ -   ; $ -   ; $ -   ;0;0;;0; $ -   ;0,000;0;0; $ -   ; $ -   ; $ -   ; $ -   ;0;0;0; $ -   ;0,000;0;0; $ -   ; $ -   ; $ -   ; $ -   ;0;0;0; $ -   ;0,000;0;0;0; $ -   ; $ -   ; $ -   ;0;0;0; $ -   ;0,000;0;162.316
2;2019;UNAB;Coopecafenor;Alimentos y bebidas;César Acevedo;Completo;2.994;Saco de café de trillados;57.096;685.152;19,0701; $ 373 ; $ 21.296.808 ; $ 255.561.696 ;0,38;260;0;0; $ -   ; $ -   ; $ -   ;0;0;0; $ -   ;0;0;0;0; $ -   ; $ -   ; $ -   ;0;0;;0; $ -   ;0,000;0;0; $ -   ; $ -   ; $ -   ; $ -   ;0;0;0; $ -   ;0,000;0;0; $ -   ; $ -   ; $ -   ; $ -   ;0;0;0; $ -   ;0,000;0;0;0; $ -   ; $ -   ; $ -   ;0;0;0; $ -   ;0,000;0;57.096
2;2019;UNAB;Extractora Monterrey;Sector aceites y grasas;Carlos Díaz;Completo;10.000;Tonelada de fruto procesado;369.801;4.437.612;36,9801; $ 353 ; $ 130.539.753 ; $ 1.566.477.036 ;0,38;1.686;0;0; $ -   ; $ -   ; $ -   ;0;0;0; $ -   ;0;0;0;0; $ -   ; $ -   ; $ -   ;0;0;;0; $ -   ;0,000;0;0; $ -   ; $ -   ; $ -   ; $ -   ;0;0;0; $ -   ;0,000;0;0; $ -   ; $ -   ; $ -   ; $ -   ;0;0;0; $ -   ;0,000;0;0;0; $ -   ; $ -   ; $ -   ;0;0;0; $ -   ;0,000;0;369.801
2;2019;UNAB;Hipinto;Alimentos y bebidas;Yecid Muñoz;Completo;13.314.132;Litros de producción equivalente al mes;855.492;10.265.904;0,0643; $ 300 ; $ 256.647.600 ; $ 3.079.771.200 ;0,38;3.901;53.000;636.000; $ -   ; $ 87.015.000 ; $ 1.044.180.000 ;0;631.919;7.583.028; $ 138 ;0;0;0;0; $ -   ; $ -   ; $ -   ;0;0;;0; $ -   ;0,000;0;0; $ -   ; $ -   ; $ -   ; $ -   ;0;0;0; $ -   ;0,000;0;0; $ -   ; $ -   ; $ -   ; $ -   ;0;0;0; $ -   ;0,000;0;0;0; $ -   ; $ -   ; $ -   ;0;0;0; $ -   ;0,000;0;1.487.411
2;2019;UNAB;INAL;Manufactura industrial;Luis Jaimes;Completo;3.000;Kg de material removido;3.233;38.796;1,0777; $ 506 ; $ 1.635.898 ; $ 19.630.776 ;0,11;4;0;0; $ -   ; $ -   ; $ -   ;0;0;0; $ -   ;0;0;0;0; $ -   ; $ -   ; $ -   ;0;0;;0; $ -   ;0,000;0;0; $ -   ; $ -   ; $ -   ; $ -   ;0;0;0; $ -   ;0,000;0;0; $ -   ; $ -   ; $ -   ; $ -   ;0;0;0; $ -   ;0,000;0;0;0; $ -   ; $ -   ; $ -   ;0;0;0; $ -   ;0,000;0;3.233
2;2019;UNAB;Italcol;Alimentos y bebidas;Leonardo Pacheco;Completo;31.000;Ton de producción equivalente referida;490.000;5.880.000;15,8065; $ 342 ; $ 167.358.911 ; $ 2.008.306.932 ;0,11;647;4.600;55.200; $ 1.209 ; $ 5.560.602 ; $ 66.727.224 ;37.000;47.278;567.333; $ 118 ;0;0;160;1.920; $ 305.772 ; $ 48.923.523 ; $ 587.082.276 ;29;1.302.578;42,019;15.630.933; $ 37,56 ;0,000;0;0; $ -   ; $ -   ; $ -   ; $ -   ;0;0;0; $ -   ;0,000;0;0; $ -   ; $ -   ; $ -   ; $ -   ;0;0;0; $ -   ;0,000;0;0;0; $ -   ; $ -   ; $ -   ;0;0;0; $ -   ;0,000;0;1.839.856
2;2019;UNIATLANTICO;Postobon;Alimentos y bebidas;Juan Carlos Campos;Completo;5.455.149;Cajas equivalentes al mes;2.265.554;27.186.653;0,4153; $ 311 ; $ 703.650.605 ; $ 8.443.807.260 ;0,11;2.991;192.539;2.310.468; $ 729,7 ; $ 140.495.167 ; $ 1.685.942.004 ;0;2.252.711;27.032.532; $ 62 ;0;0;0;0; $ -   ; $ -   ; $ -   ;0;0;;0; $ -   ;0,000;0;0; $ -   ; $ -   ; $ -   ; $ -   ;0;0;0; $ -   ;0,000;0;0; $ -   ; $ -   ; $ -   ; $ -   ;0;0;0; $ -   ;0,000;0;0;0; $ -   ; $ -   ; $ -   ;0;0;0; $ -   ;0,000;0;4.518.265
2;2019;UNIATLANTICO;Somex;Agropecuario;Lourdes Meriño Stand;Completo;6.818.391;kg de producción al mes;46.829;561.943;0,0069; $ 354 ; $ 16.600.000 ; $ 199.200.000 ;0,11;62;0;0;0; $ -   ; $ -   ;0;0;0; $ -   ;0;0;0;0; $ -   ; $ -   ; $ -   ;0;0;;0; $ -   ;0,000;0;0; $ -   ; $ -   ; $ -   ; $ -   ;0;0;0; $ -   ;0,000;0;0; $ -   ; $ -   ; $ -   ; $ -   ;0;0;0; $ -   ;0,000;0;0;0; $ -   ; $ -   ; $ -   ;0;0;0; $ -   ;0,000;0;46.829
2;2019;UNIATLANTICO;Quintal;Construcción;Marley Vanegas;Completo;340;Tonelada de producto fabricado al mes;263.994;3.167.928;776,4529; $ 699 ; $ 184.492.499 ; $ 2.213.909.988 ;0,11;348;9.577;114.920;17152,40783; $ 164.262.511 ; $ 1.971.150.132 ;40.333;107.293;1.287.516; $ 1.531 ;0;0;0;0; $ -   ; $ -   ; $ -   ;0;0;;0; $ -   ;0,000;0;0; $ -   ; $ -   ; $ -   ; $ -   ;0;0;0; $ -   ;0,000;0;0; $ -   ; $ -   ; $ -   ; $ -   ;0;0;0; $ -   ;0,000;0;0;0; $ -   ; $ -   ; $ -   ;0;0;0; $ -   ;0,000;0;371.287
1;2018;UNIATLANTICO;Windsor;Servicios;Paola Barros;Completo;69;Habitaciones ocupadas al día;89.324;1.071.888;1.294,5507; $ 382 ; $ 34.122.040 ; $ 409.464.480 ;0,37;397;3.340;40.080; $ 1.577 ; $ 5.267.320 ; $ 63.207.840 ;42.730;33.885;406.620; $ 155 ;0;0;0;0; $ -   ; $ -   ; $ -   ;0;0;;0; $ -   ;0,000;0;0; $ -   ; $ -   ; $ -   ; $ -   ;0;0;0; $ -   ;0,000;0;0; $ -   ; $ -   ; $ -   ; $ -   ;0;0;0; $ -   ;0,000;0;0;0; $ -   ; $ -   ; $ -   ;0;0;0; $ -   ;0,000;0;123.209
1;2018;UNIATLANTICO;Clínica Portoazul;Servicios;Juan Carlos Campos;Completo;7.500;Días de ocupación de estancia real (OER);366.519;4.398.224;48,8692;; $ -   ; $ -   ;0,367;1.614;0;0; $ -   ; $ -   ; $ -   ;0;26.239;314.874; $ -   ;0;0;0;0; $ -   ; $ -   ; $ -   ;0;0;;0; $ -   ;0,000;0;0; $ -   ; $ -   ; $ -   ; $ -   ;0;0;0; $ -   ;0,000;0;0; $ -   ; $ -   ; $ -   ; $ -   ;0;0;0; $ -   ;0,000;0;0;0; $ -   ; $ -   ; $ -   ;0;0;0; $ -   ;0,000;0;392.758
1;2018;UNIATLANTICO;Cannon;Textil;Juan Carlos Campos;Completo;800.513;kg de producción telares;467.469;5.609.624;0,5840; $ 374 ; $ 174.600.000 ; $ 2.095.200.000 ;0,401;2.249;1.037.937;12.455.238; $ 608 ; $ 795.400.000 ; $ 9.544.800.000 ;47.000;13.550.838;162.610.054; $ 59 ;1,33;216.271;0;0; $ -   ; $ -   ; $ -   ;0;0;;0; $ -   ;0,000;0;0; $ -   ; $ -   ; $ -   ; $ -   ;0;0;0; $ -   ;0,000;0;0; $ -   ; $ -   ; $ -   ; $ -   ;0;0;0; $ -   ;0,000;0;0;0; $ -   ; $ -   ; $ -   ;0;0;0; $ -   ;0,000;0;14.018.306
1;2018;UNIATLANTICO;Unibol;Plásticos y textil;Lourdes Meriño Stand;Completo;2.027;kg de producción por mes;2.547.080;30.564.958;1.256,5761; $ 283 ; $ 721.689.591 ; $ 8.660.275.086 ;0,37;11.309;298.719;3.584.624; $ 730,4 ; $ 218.193.566 ; $ 2.618.322.796 ;47.700;3.958.022;47.496.269; $ 55 ;0;0;472.675.424;5.672.105.084; $ -   ; $ 95.284.000 ; $ 1.143.408.000 ;25;3.282.468;1.619,373;39.389.619; $ 29,028 ;0,000;0;0; $ -   ; $ -   ; $ -   ; $ -   ;0;0;0; $ -   ;0,000;0;0; $ -   ; $ -   ; $ -   ; $ -   ;0;0;0; $ -   ;0,000;0;0;0; $ -   ; $ -   ; $ -   ;0;0;0; $ -   ;0,000;0;9.787.570
1;2018;UNIATLANTICO;Gracetales;Alimentos y bebidas;Marley Vanegas;Completo;8.440;Toneladas de aceite de soya al mes;396.136;4.753.632;46,9355; $ 320 ; $ 126.763.520 ; $ 1.521.162.240 ;0,41;1.949;512.945;6.155.340; $ 623 ; $ 319.564.735 ; $ 3.834.776.820 ;40.700;6.001.458;72.017.496; $ 53 ;0;0;0;0; $ -   ; $ -   ; $ -   ;0;0;;0; $ -   ;0,000;0;0; $ -   ; $ -   ; $ -   ; $ -   ;0;0;0; $ -   ;0,000;0;0; $ -   ; $ -   ; $ -   ; $ -   ;0;0;0; $ -   ;0,000;0;0;0; $ -   ; $ -   ; $ -   ;0;0;0; $ -   ;0,000;0;6.397.594
1;2018;UNIATLANTICO;Uniphos - UCPL;Farmaceutica (Químicos para la agricultura);Lourdes Meriño Stand;Completo;62.962;kg de producción al día;710.373;8.524.476;11,2826; $ -   ; $ -   ; $ -   ;0,411;3.504;126.567;1.518.804; $ -   ; $ -   ; $ -   ;0;0;0; $ -   ;0;0;0;0; $ -   ; $ -   ; $ -   ;0;0;;0; $ -   ;0,000;0;0; $ -   ; $ -   ; $ -   ; $ -   ;0;0;0; $ -   ;0,000;0;0; $ -   ; $ -   ; $ -   ; $ -   ;0;0;0; $ -   ;0,000;0;0;0; $ -   ; $ -   ; $ -   ;0;0;0; $ -   ;0,000;0;710.373
1;2018;UAO;Celco SA;Metalmecánica;-;Completo;171;Producción por complejidad de barraje eléctrico o ensamblaje;13.074;156.888;76,6804; $ 381 ; $ 4.979.810 ; $ 59.757.725 ;0;0;0;0; $ -   ; $ -   ; $ -   ;0;0;0; $ -   ;0;0;0;0; $ -   ; $ -   ; $ -   ;0;0;;0; $ -   ;0,000;0;0; $ -   ; $ -   ; $ -   ; $ -   ;0;0;0; $ -   ;0,000;0;0; $ -   ; $ -   ; $ -   ; $ -   ;0;0;0; $ -   ;0,000;0;0;0; $ -   ; $ -   ; $ -   ;0;0;0; $ -   ;0,000;0;13.074
1;2018;UAO;Conalbroces;Metalmecánica;-;Completo;1,54;Ton de metal fundido;26.584;319.008;17.262,3377; $ 404 ; $ 10.736.164 ; $ 128.833.971 ;0;0;0;0; $ -   ; $ -   ; $ -   ;0;0;0; $ -   ;0;0;0;0; $ -   ; $ -   ; $ -   ;0;0;;0; $ -   ;0,000;0;0; $ -   ; $ -   ; $ -   ; $ -   ;0;0;0; $ -   ;0,000;0;0; $ -   ; $ -   ; $ -   ; $ -   ;0;0;0; $ -   ;0,000;0;0;0; $ -   ; $ -   ; $ -   ;0;0;0; $ -   ;0,000;0;26.584
1;2018;UAO;Despensa;Alimentos;-;"Información incompleta o sin sentido; falta IC, huella de carbono, mediciones.";610;Unidades producidas de pan(cantidad de mojes);3.167;38.000;5,1913; $ -   ; $ -   ; $ -   ;0;0;1.667;20.000; $ -   ; $ -   ; $ -   ;0;0;0; $ -   ;0;0;0;0; $ -   ; $ -   ; $ -   ;0;0;;0; $ -   ;0,000;0;0; $ -   ; $ -   ; $ -   ; $ -   ;0;0;0; $ -   ;0,000;0;0; $ -   ; $ -   ; $ -   ; $ -   ;0;0;0; $ -   ;0,000;0;0;0; $ -   ; $ -   ; $ -   ;0;0;0; $ -   ;0,000;0;3.167
1;2018;UAO;B-Altman & CIA;Manufactura industrial;Jairo Palacios;Completo;600;Tonelada procesada;109.222;1.310.664;182,0367; $ -   ; $ -   ; $ -   ;0;0;26.933;323.196; $ -   ; $ -   ; $ -   ;0;318.791;3.825.492; $ -   ;0;0;0;0; $ -   ; $ -   ; $ -   ;0;0;;0; $ -   ;0,000;0;0; $ -   ; $ -   ; $ -   ; $ -   ;0;0;0; $ -   ;0,000;0;0; $ -   ; $ -   ; $ -   ; $ -   ;0;0;0; $ -   ;0,000;0;0;0; $ -   ; $ -   ; $ -   ;0;0;0; $ -   ;0,000;0;428.013
1;2018;UAO;Colfactory;Plásticos y textil;Jairo Palacios;Completo;90.000;Unidad de prenda procesada;107.978;1.295.736;1,1998; $ -   ; $ -   ; $ -   ;0;0;28.075;336.900; $ -   ; $ -   ; $ -   ;0;332.411;3.988.932; $ -   ;0;0;0;0; $ -   ; $ -   ; $ -   ;0;0;;0; $ -   ;0,000;0;0; $ -   ; $ -   ; $ -   ; $ -   ;0;0;0; $ -   ;0,000;0;0; $ -   ; $ -   ; $ -   ; $ -   ;0;0;0; $ -   ;0,000;0;0;0; $ -   ; $ -   ; $ -   ;0;0;0; $ -   ;0,000;0;440.389
1;2018;UAO;Cerería Sagrado Corazón;Sector aceites y grasas;Jairo Palacios;Completo;40;Ton de materia prima;3.229;38.748;81,7468; $ -   ; $ -   ; $ -   ;0;0;921;11.052; $ -   ; $ -   ; $ -   ;0;10.673;128.076; $ -   ;0;0;0;0; $ -   ; $ -   ; $ -   ;0;0;;0; $ -   ;0,000;0;0; $ -   ; $ -   ; $ -   ; $ -   ;0;0;0; $ -   ;0,000;0;0; $ -   ; $ -   ; $ -   ; $ -   ;0;0;0; $ -   ;0,000;0;0;0; $ -   ; $ -   ; $ -   ;0;0;0; $ -   ;0,000;0;13.902
;;;;;;;;;;;;;;;;;;;;;;;;;;;;;;;;;;;;;;;;;;;;;;;;;;;;;;;;;;;;;;;;;;;;;;;;;
Sumatoria Consumo kWh;;;;;;;;;23.652.651;283.831.814;;;;;;;;;;;;;32.827.804;393.933.653;;;;;;;;;;7.344.662;;88.135.948;;;;;;;;;;11.941;401.225;;;;;;;;;;1.442.691;17.312;;;;;;;;;;23.120.994;277.451.928;;;;
